<application>
  <component name="ExportableFileTemplateSettings">
    <default_templates>
      <template name="TPL File.tpl" reformat="true" live-template-enabled="true" />
      <template name="Yii2 PHP View File.php" reformat="true" live-template-enabled="true" enabled="true" />
    </default_templates>
    <internal_templates>
      <template name="JavaScript File.js" reformat="true" live-template-enabled="true" enabled="true" />
    </internal_templates>
    <includes_templates>
      <template name="PHP File Header.php" reformat="true" live-template-enabled="true" enabled="true" />
    </includes_templates>
  </component>
</application>