<application>
  <component name="PropertiesComponent">
    <property name="ChangesViewManager.DETAILS_SPLITTER_PROPORTION" value="0.15831557" />
    <property name="ColorChooser.RecentColors" value="246-246-246-255,,,254-254-254-255,,,206-244-211-255,,,212-251-217-255,,,216-255-221-255,,,215-254-220-255,,,236-254-238-255,,,244-255-245-255,,,239-255-242-255,,,213-255-215-255,,,212-250-217-255,,,216-254-221-255,,,245-255-239-255,,,246-255-244-255,,,217-255-222-255,,,223-255-228-255,,,229-255-234-255" />
    <property name="CommitChangeListDialog.DETAILS_SPLITTER_PROPORTION_2" value="0.5486618" />
    <property name="CommitChangeListDialog.SPLITTER_PROPORTION_2" value="0.71719456" />
    <property name="Copy.OpenInEditor" value="true" />
    <property name="Darcula.SavedEditorTheme" value="_@user_Darcula" />
    <property name="ExpandBeforeRunStepsPanel" value="true" />
    <property name="ExpandRunDashboardTypesPanel" value="false" />
    <property name="FileTemplates.CurrentTab" value="Includes" />
    <property name="FileTemplates.SelectedTemplate" value="Drupal Hook Implementation Doc Comment" />
    <property name="JSHintOptionsTreeView.TREE_SCROLL_BAR_HORIZONTAL" value="20" />
    <property name="JSHintOptionsTreeView.TREE_SCROLL_BAR_VERTICAL" value="0" />
    <property name="JSHintOptionsTreeView.TREE_SELECTED_NODE_ID" value="72" />
    <property name="PhpStorm.InitialConfiguration" value="true" />
    <property name="PluginConfigurable.selectionTab" value="2" />
    <property name="SettingsSearchHistory" value="whitespace&#10;Tab,Indent&#10;live tem&#10;live temp&#10;live" />
    <property name="ShowDocumentationInToolWindow" value="false" />
    <property name="SplitFileEditor.Proportion" value="0.5742715" />
    <property name="SqlStructureView.filterD.file.structure.state" value="true" />
    <property name="TrendingPluginsSearchHistory" value="vue&#10;react&#10;sortBy:downloads&#10;tag:JavaScript&#10;what" />
    <property name="chat.splitter.key" value="0.7419355" />
    <property name="cn.yiiguxing.plugin.translate.version" value="2.3.2" />
    <property name="com.intellij.history.integration.ui.views.FileHistoryDialog.0" value="165" />
    <property name="com.intellij.history.integration.ui.views.FileHistoryDialog.1" value="800" />
    <property name="evlsprt3.183" value="18" />
    <property name="file.chooser.recent.files" value="E:/workspace/gx&#10;E:/workspace/gx/mp&#10;E:/workspace/gx/mp/views/gudong&#10;E:/workspace/lsg&#10;E:/项目备份2019-03-09&#10;E:/workspace/hy&#10;E:/workspace&#10;D:/TortoiseSVN/bin/svn.exe&#10;D:/Tortoisesvn/bin&#10;D:/Tortoisesvn&#10;E:/newspace&#10;E:/workspace/gx/common&#10;E:/workspace/gx/pc&#10;F:/&#10;F:/code/WorkSpace&#10;F:/code/WorkSpace/settings.jar&#10;E:/workspace/gx/mp/web/resource/all/js/jquery-1.9.1.min.js&#10;E:/old project code" />
    <property name="file.gist.reindex.count" value="18713" />
    <property name="find.popup.splitter" value="0.3567384" />
    <property name="lastTip" value="50" />
    <property name="main.splitter.key" value="0.3" />
    <property name="org.intellij.images.editor.actions.BackgroundImageDialog#recent" value="" />
    <property name="selected.color.option.type" value="HAML_WS_REMOVAL" />
    <property name="settings.code.style.selected.tab.PHP" value="Tabs and Indents" />
    <property name="ts.lib.d.ts.version" value="3.2.1" />
  </component>
  <component name="SvnApplicationSettings">
    <option name="myCheckoutURLs">
      <list>
        <option value="svn://47.103.36.33/project/shop" />
      </list>
    </option>
    <option name="myTypedURLs">
      <list>
        <option value="svn://47.103.36.33/project/shop" />
        <option value="svn://47.98.235.199/project/shop" />
        <option value="http://47.98.235.199/project/shop" />
      </list>
    </option>
    <option name="mySvnCommandLine" value="D:\TortoiseSVN\bin\svn.exe" />
  </component>
</application>