<application>
  <component name="PropertiesComponent">
    <property name="ColorChooser.RecentColors" value="246-246-246-255" />
    <property name="Copy.OpenInEditor" value="true" />
    <property name="Darcula.SavedEditorTheme" value="_@user_Darcula" />
    <property name="ExpandBeforeRunStepsPanel" value="true" />
    <property name="ExpandRunDashboardTypesPanel" value="false" />
    <property name="FileTemplates.SelectedTemplate" value="HTML File" />
    <property name="JSHintOptionsTreeView.TREE_SCROLL_BAR_HORIZONTAL" value="20" />
    <property name="JSHintOptionsTreeView.TREE_SCROLL_BAR_VERTICAL" value="0" />
    <property name="JSHintOptionsTreeView.TREE_SELECTED_NODE_ID" value="72" />
    <property name="PhpStorm.InitialConfiguration" value="true" />
    <property name="ShowDocumentationInToolWindow" value="false" />
    <property name="SplitFileEditor.Proportion" value="0.5742715" />
    <property name="SqlStructureView.filterD.file.structure.state" value="true" />
    <property name="TrendingPluginsSearchHistory" value="smartQQ&#10;wechat&#10;keycount&#10;sortBy:downloads&#10;Yii" />
    <property name="chat.splitter.key" value="0.7419355" />
    <property name="cn.yiiguxing.plugin.translate.version" value="2.2" />
    <property name="com.intellij.history.integration.ui.views.FileHistoryDialog.0" value="300" />
    <property name="com.intellij.history.integration.ui.views.FileHistoryDialog.1" value="800" />
    <property name="evlsprt3.183" value="18" />
    <property name="file.chooser.recent.files" value="E:/workspace/gx&#10;F:/&#10;F:/code/WorkSpace&#10;F:/code/WorkSpace/settings.jar&#10;E:/workspace/gx/mp/web/resource/all/js/jquery-1.9.1.min.js&#10;E:/workspace&#10;E:/workspace/hy&#10;E:/old project code" />
    <property name="file.gist.reindex.count" value="9710" />
    <property name="lastTip" value="50" />
    <property name="main.splitter.key" value="0.17325392" />
    <property name="org.intellij.images.editor.actions.BackgroundImageDialog#recent" value="" />
    <property name="selected.color.option.type" value="HTML_TAG" />
    <property name="settings.code.style.selected.tab.PHP" value="Tabs and Indents" />
    <property name="ts.lib.d.ts.version" value="3.2.1" />
  </component>
  <component name="SvnApplicationSettings">
    <option name="myCheckoutURLs">
      <list>
        <option value="http://47.98.235.199/project/shop" />
        <option value="svn://47.98.235.199/project/shop" />
      </list>
    </option>
    <option name="myTypedURLs">
      <list>
        <option value="http://47.98.235.199/project/shop" />
        <option value="svn://47.98.235.199/project/shop" />
      </list>
    </option>
  </component>
</application>