<application>
  <component name="UISettings">
    <option name="EDITOR_TAB_LIMIT" value="25" />
    <option name="FONT_FACE" value="Microsoft YaHei" />
    <option name="HIDE_TABS_IF_NEED" value="false" />
    <option name="HIDE_TOOL_STRIPES" value="true" />
    <option name="MARK_MODIFIED_TABS_WITH_ASTERISK" value="true" />
    <option name="MAX_LOOKUP_LIST_HEIGHT" value="14" />
    <option name="PIN_FIND_IN_PATH_POPUP" value="true" />
    <option name="SORT_LOOKUP_ELEMENTS_LEXICOGRAPHICALLY" value="true" />
  </component>
</application>