<application>
  <component name="AppStorage">
    <histories>
      <item value="origins" />
      <item value="intro" />
      <item value="plain" />
      <item value="vale" />
      <item value="felwood" />
      <item value="flats" />
      <item value="shimmering" />
      <item value="steppes" />
      <item value="ambient" />
      <item value="ironforge" />
      <item value="darnassus" />
      <item value="thunder bluff" />
      <item value="bluff" />
      <item value="thunder" />
      <item value="fungal" />
      <item value="jetbrains" />
      <item value="jet" />
      <item value="humans" />
      <item value="human" />
      <item value="humen" />
      <item value="Human" />
      <item value="wabbajack" />
      <item value="Numidium" />
      <item value="jagger" />
      <item value="操作失败" />
      <item value="cashier" />
      <item value="message" />
      <item value="success" />
      <item value="Order" />
      <item value="添加订单" />
    </histories>
    <option name="languageScores">
      <map>
        <entry key="CHINESE" value="27" />
        <entry key="ENGLISH" value="28" />
        <entry key="LATIN" value="1" />
        <entry key="PORTUGUESE" value="1" />
      </map>
    </option>
  </component>
  <component name="Settings">
    <option name="ignoreRegExp" value="" />
  </component>
</application>