<application>
  <component name="AppStorage">
    <histories>
      <item value="humans" />
      <item value="human" />
      <item value="humen" />
      <item value="Human" />
      <item value="wabbajack" />
      <item value="Numidium" />
      <item value="jagger" />
      <item value="操作失败" />
      <item value="cashier" />
      <item value="message" />
      <item value="success" />
      <item value="Order" />
      <item value="添加订单" />
    </histories>
    <option name="languageScores">
      <map>
        <entry key="CHINESE" value="11" />
        <entry key="ENGLISH" value="12" />
        <entry key="LATIN" value="1" />
      </map>
    </option>
  </component>
  <component name="Settings">
    <option name="ignoreRegExp" value="" />
  </component>
</application>