<application>
  <component name="AppStorage">
    <histories>
      <item value="jyut 6" />
      <item value="jyut" />
      <item value="bat" />
      <item value="bet" />
      <item value="rechage" />
      <item value="recharge" />
      <item value="Daniel Wu" />
      <item value="Danie Wu" />
      <item value="Hynium" />
      <item value="populate" />
      <item value="emulate Execution" />
      <item value="batch" />
      <item value="This file is automatically generated by `bin/update_i18n`." />
      <item value="vendor" />
      <item value="soft wrap" />
      <item value="updating indices" />
      <item value="tasks" />
      <item value="code folding" />
      <item value="wrap" />
      <item value="ふるぎ" />
      <item value="false" />
      <item value="identifier" />
      <item value="朝陽に跳ぶ" />
      <item value="ブリーフィング" />
      <item value="酒" />
      <item value="在りし日のふたり" />
      <item value="Life was simple and they were both happy." />
      <item value="life was simple" />
      <item value="Destructuring" />
      <item value="To convert an iterable object to an array, use spreads ... instead of Array.from." />
      <item value="Use array spreads ... to copy arrays." />
      <item value="Use Array#push instead of direct assignment to add items to an array." />
      <item value="Use the literal syntax for array creation. eslint: no-array-constructor" />
      <item value="blade" />
      <item value="navigate" />
      <item value="author" />
      <item value="return" />
      <item value="mixed" />
      <item value="artifact" />
      <item value="endfor" />
      <item value="input Key" />
      <item value="no limit" />
      <item value="ganog" />
      <item value="ganom" />
      <item value="ganon" />
      <item value="onyx" />
      <item value="lying" />
      <item value="ashes" />
      <item value="Glacial Horizon" />
      <item value="Glacial" />
    </histories>
    <option name="languageScores">
      <map>
        <entry key="CHINESE" value="135" />
        <entry key="ENGLISH" value="135" />
        <entry key="CHINESE_TRADITIONAL" value="1" />
        <entry key="ALBANIAN" value="1" />
        <entry key="AZERBAIJANI" value="1" />
        <entry key="BASQUE" value="2" />
        <entry key="POLISH" value="1" />
        <entry key="DANISH" value="1" />
        <entry key="FRENCH" value="2" />
        <entry key="FILIPINO" value="1" />
        <entry key="FINNISH" value="1" />
        <entry key="HAUSA" value="1" />
        <entry key="CATALAN" value="1" />
        <entry key="LATIN" value="2" />
        <entry key="LITHUANIAN" value="1" />
        <entry key="MALAY" value="2" />
        <entry key="PORTUGUESE" value="1" />
        <entry key="JAPANESE" value="6" />
        <entry key="SLOVAK" value="1" />
        <entry key="TURKISH" value="1" />
        <entry key="SPANISH" value="3" />
        <entry key="ITALIAN" value="1" />
        <entry key="HINDI" value="4" />
        <entry key="INDONESIAN" value="2" />
        <entry key="YORUBA" value="1" />
      </map>
    </option>
  </component>
  <component name="Settings">
    <option name="baiduTranslateSettings">
      <app-key>
        <option name="primaryLanguage" value="CHINESE_CANTONESE" />
      </app-key>
    </option>
    <option name="ignoreRegExp" value="" />
  </component>
</application>