<application>
  <component name="AppStorage">
    <histories>
      <item value="featuring" />
      <item value="Cadence" />
      <item value="Cadence of Hyrule: Crypt of the NecroDancer featuring The Legend of Zelda" />
      <item value="dirty" />
      <item value="class" />
      <item value="Elysim" />
      <item value="repeat" />
      <item value="main" />
      <item value="chick" />
      <item value="brand" />
      <item value="purin" />
      <item value="tech" />
      <item value="Amount" />
      <item value="ganster" />
      <item value="drake" />
      <item value="kawaii" />
      <item value="brain" />
      <item value="brian" />
      <item value="triller" />
      <item value="genius" />
      <item value="ignore" />
      <item value="pop" />
      <item value="drums" />
      <item value="luego" />
      <item value="beats" />
      <item value="drinp" />
      <item value="versace" />
      <item value="grid" />
      <item value="drance" />
      <item value="burin" />
      <item value="titty" />
      <item value="blackjack" />
      <item value="goat" />
      <item value="loud" />
      <item value="shut" />
      <item value="purpp" />
      <item value="purp" />
      <item value="afriad" />
      <item value="prod" />
      <item value="ecstasy" />
      <item value="mozzie" />
      <item value="funcard" />
      <item value="rogue" />
      <item value="gue" />
      <item value="prague" />
      <item value="nose" />
      <item value="beat" />
      <item value="phis" />
      <item value="dolph" />
      <item value="trap" />
    </histories>
    <option name="languageScores">
      <map>
        <entry key="CHINESE" value="568" />
        <entry key="ENGLISH" value="569" />
        <entry key="CHINESE_TRADITIONAL" value="1" />
        <entry key="ALBANIAN" value="2" />
        <entry key="ARABIC" value="1" />
        <entry key="AZERBAIJANI" value="1" />
        <entry key="ESTONIAN" value="1" />
        <entry key="BASQUE" value="3" />
        <entry key="BULGARIAN" value="1" />
        <entry key="ICELANDIC" value="1" />
        <entry key="POLISH" value="2" />
        <entry key="BOSNIAN" value="1" />
        <entry key="DANISH" value="5" />
        <entry key="GERMAN" value="4" />
        <entry key="RUSSIAN" value="2" />
        <entry key="FRENCH" value="7" />
        <entry key="FILIPINO" value="4" />
        <entry key="FINNISH" value="3" />
        <entry key="FRISIAN" value="2" />
        <entry key="HAUSA" value="1" />
        <entry key="DUTCH" value="7" />
        <entry key="CATALAN" value="3" />
        <entry key="CROATIAN" value="2" />
        <entry key="KURDISH" value="3" />
        <entry key="LATIN" value="8" />
        <entry key="LITHUANIAN" value="1" />
        <entry key="ROMANIAN" value="9" />
        <entry key="MALAY" value="3" />
        <entry key="BENGALI" value="5" />
        <entry key="NORWEGIAN" value="2" />
        <entry key="PORTUGUESE" value="6" />
        <entry key="CHICHEWA" value="1" />
        <entry key="JAPANESE" value="22" />
        <entry key="SWEDISH" value="3" />
        <entry key="SESOTHO" value="1" />
        <entry key="SLOVAK" value="1" />
        <entry key="SLOVENIAN" value="5" />
        <entry key="SWAHILI" value="1" />
        <entry key="SOMALI" value="1" />
        <entry key="TELUGU" value="1" />
        <entry key="TURKISH" value="1" />
        <entry key="SPANISH" value="4" />
        <entry key="GREEK" value="1" />
        <entry key="HAWAIIAN" value="1" />
        <entry key="HUNGARIAN" value="1" />
        <entry key="SHONA" value="1" />
        <entry key="ITALIAN" value="9" />
        <entry key="HINDI" value="5" />
        <entry key="INDONESIAN" value="8" />
        <entry key="YORUBA" value="1" />
        <entry key="VIETNAMESE" value="3" />
      </map>
    </option>
  </component>
  <component name="Settings">
    <option name="baiduTranslateSettings">
      <app-key>
        <option name="primaryLanguage" value="CHINESE_CANTONESE" />
      </app-key>
    </option>
    <option name="ignoreRegExp" value="" />
  </component>
</application>