<application>
  <component name="AppStorage">
    <histories>
      <item value="Valar Morghulis" />
      <item value="repair" />
      <item value="shizuka" />
      <item value="bomboo" />
      <item value="consummate" />
      <item value="aideo" />
      <item value="video" />
      <item value="audio" />
      <item value="gadio" />
      <item value="gadiopro" />
      <item value="mod" />
      <item value="modifile" />
      <item value="dogma" />
      <item value="tangible" />
      <item value="nurture" />
      <item value="insert" />
      <item value="inser" />
      <item value="hanyu" />
      <item value="zhongwen" />
      <item value="saming" />
      <item value="flag" />
      <item value="pom" />
      <item value="そんなことはないよ" />
      <item value="Rift" />
      <item value="Dush" />
      <item value="Labyrinth" />
      <item value="Reigns" />
      <item value="Game of Thrones" />
      <item value="Thrones" />
      <item value="coven" />
      <item value="short" />
      <item value="organ" />
      <item value="time goes" />
      <item value="time goes by" />
      <item value="lamb" />
      <item value="lamp" />
      <item value="heavy landing" />
      <item value="heavy" />
      <item value="fanta" />
      <item value="refrain" />
      <item value="Dusk" />
      <item value="Coven" />
      <item value="Refrain" />
      <item value="Labyrinth of Refrain:Coven of Dusk" />
      <item value="tise" />
      <item value="fmf" />
      <item value="Recharge" />
      <item value="Callback" />
      <item value="send" />
      <item value="Template" />
    </histories>
    <option name="languageScores">
      <map>
        <entry key="CHINESE" value="373" />
        <entry key="ENGLISH" value="373" />
        <entry key="CHINESE_TRADITIONAL" value="1" />
        <entry key="ALBANIAN" value="1" />
        <entry key="AZERBAIJANI" value="1" />
        <entry key="ESTONIAN" value="1" />
        <entry key="BASQUE" value="3" />
        <entry key="BULGARIAN" value="1" />
        <entry key="ICELANDIC" value="1" />
        <entry key="POLISH" value="2" />
        <entry key="BOSNIAN" value="1" />
        <entry key="DANISH" value="4" />
        <entry key="GERMAN" value="3" />
        <entry key="RUSSIAN" value="1" />
        <entry key="FRENCH" value="6" />
        <entry key="FILIPINO" value="4" />
        <entry key="FINNISH" value="3" />
        <entry key="FRISIAN" value="1" />
        <entry key="HAUSA" value="1" />
        <entry key="DUTCH" value="4" />
        <entry key="CATALAN" value="1" />
        <entry key="CROATIAN" value="1" />
        <entry key="KURDISH" value="3" />
        <entry key="LATIN" value="8" />
        <entry key="LITHUANIAN" value="1" />
        <entry key="ROMANIAN" value="5" />
        <entry key="MALAY" value="3" />
        <entry key="BENGALI" value="2" />
        <entry key="NORWEGIAN" value="2" />
        <entry key="PORTUGUESE" value="5" />
        <entry key="CHICHEWA" value="1" />
        <entry key="JAPANESE" value="10" />
        <entry key="SWEDISH" value="3" />
        <entry key="SESOTHO" value="1" />
        <entry key="SLOVAK" value="1" />
        <entry key="SLOVENIAN" value="1" />
        <entry key="SOMALI" value="1" />
        <entry key="TELUGU" value="1" />
        <entry key="TURKISH" value="1" />
        <entry key="SPANISH" value="3" />
        <entry key="SHONA" value="1" />
        <entry key="ITALIAN" value="8" />
        <entry key="HINDI" value="4" />
        <entry key="INDONESIAN" value="5" />
        <entry key="YORUBA" value="1" />
        <entry key="VIETNAMESE" value="2" />
      </map>
    </option>
  </component>
  <component name="Settings">
    <option name="baiduTranslateSettings">
      <app-key>
        <option name="primaryLanguage" value="CHINESE_CANTONESE" />
      </app-key>
    </option>
    <option name="ignoreRegExp" value="" />
  </component>
</application>