<application>
  <component name="AppStorage">
    <histories>
      <item value="add" />
      <item value="Job Wanted" />
      <item value="Wanted" />
      <item value="foot" />
      <item value="grup" />
      <item value="groop" />
      <item value="ref" />
      <item value="xeno" />
      <item value="jazz" />
      <item value="bie" />
      <item value="SELECT af.afid,af.aftitle,e.ename,af.afworking_years,af.afnumber,af.afprice,w.wtname,af.afphone,af.afclick,af.afms,edetail,af.afadd_time FROM m_type_of_work_af AS wa LEFT JOIN m_advertise_for AS af ON wa.afid=af.afid LEFT JOIN m_type_of_work AS w ON wa.wtid=w.wtid LEFT JOIN m_enterprice AS e ON af.eid=e.eid WHERE af.afid=" />
      <item value="inspection" />
      <item value="check" />
      <item value="Certified" />
      <item value="alias" />
      <item value="cely" />
      <item value="WHERE" />
      <item value="FROM" />
      <item value="Currency" />
      <item value="Enterprice" />
      <item value="扣款" />
      <item value="show inherited" />
      <item value="inherited" />
      <item value="hidden" />
      <item value="find User Jw List By Uid" />
      <item value="use soft wraps" />
      <item value="navigate" />
      <item value="move statement up" />
      <item value="move statement down" />
      <item value="refactor" />
      <item value="dovakiin" />
      <item value="List" />
      <item value="advertise" />
      <item value="advertise Detail" />
      <item value="skyrim" />
      <item value="jwworking years" />
      <item value="jweducation" />
      <item value="origins" />
      <item value="intro" />
      <item value="plain" />
      <item value="vale" />
      <item value="felwood" />
      <item value="flats" />
      <item value="shimmering" />
      <item value="steppes" />
      <item value="ambient" />
      <item value="ironforge" />
      <item value="darnassus" />
      <item value="thunder bluff" />
      <item value="bluff" />
    </histories>
    <option name="languageScores">
      <map>
        <entry key="CHINESE" value="61" />
        <entry key="ENGLISH" value="63" />
        <entry key="CHINESE_TRADITIONAL" value="1" />
        <entry key="ALBANIAN" value="1" />
        <entry key="DANISH" value="1" />
        <entry key="FINNISH" value="1" />
        <entry key="CATALAN" value="1" />
        <entry key="LATIN" value="1" />
        <entry key="PORTUGUESE" value="1" />
        <entry key="SLOVAK" value="1" />
        <entry key="ITALIAN" value="1" />
        <entry key="HINDI" value="1" />
        <entry key="INDONESIAN" value="2" />
      </map>
    </option>
  </component>
  <component name="Settings">
    <option name="ignoreRegExp" value="" />
  </component>
</application>