<application>
  <component name="AppStorage">
    <histories>
      <item value="pianduan" />
      <item value="duan" />
      <item value="daun" />
      <item value="fragment" />
      <item value="片段" />
      <item value="remain" />
      <item value="domain" />
      <item value="season" />
      <item value="rift" />
      <item value="buddy" />
      <item value="amigo" />
      <item value="next annotation" />
      <item value="serial" />
      <item value="observer" />
      <item value="consummate missing world" />
      <item value="毫秒" />
      <item value="fixed" />
      <item value="既定" />
      <item value="秒" />
      <item value="分钟" />
      <item value="toggle mark Occurrences" />
      <item value="Occurrences" />
      <item value="Diablo" />
      <item value="spac" />
      <item value="保存失败spac" />
      <item value="青蛙" />
      <item value="greg" />
      <item value="dreg" />
      <item value="gdreg" />
      <item value="coding" />
      <item value="armor set" />
      <item value="exclusive" />
      <item value="ganondorf" />
      <item value="eternal collection" />
      <item value="dropdown" />
      <item value="effect" />
      <item value="waves" />
      <item value="times change" />
      <item value="login screen" />
      <item value="arthas" />
      <item value="legion" />
      <item value="dalaran" />
      <item value="dush" />
      <item value="duskwood" />
      <item value="ambient" />
      <item value="elwynn forest" />
      <item value="forget about that" />
      <item value="no yet" />
      <item value="yet" />
      <item value="bluff" />
    </histories>
    <option name="languageScores">
      <map>
        <entry key="CHINESE" value="283" />
        <entry key="ENGLISH" value="281" />
        <entry key="CHINESE_TRADITIONAL" value="1" />
        <entry key="ALBANIAN" value="1" />
        <entry key="AZERBAIJANI" value="1" />
        <entry key="ESTONIAN" value="1" />
        <entry key="BASQUE" value="2" />
        <entry key="BULGARIAN" value="1" />
        <entry key="ICELANDIC" value="1" />
        <entry key="POLISH" value="2" />
        <entry key="BOSNIAN" value="1" />
        <entry key="DANISH" value="1" />
        <entry key="GERMAN" value="3" />
        <entry key="FRENCH" value="5" />
        <entry key="FILIPINO" value="1" />
        <entry key="FINNISH" value="2" />
        <entry key="FRISIAN" value="1" />
        <entry key="HAUSA" value="1" />
        <entry key="DUTCH" value="1" />
        <entry key="CATALAN" value="1" />
        <entry key="CROATIAN" value="1" />
        <entry key="KURDISH" value="3" />
        <entry key="LATIN" value="7" />
        <entry key="LITHUANIAN" value="1" />
        <entry key="ROMANIAN" value="2" />
        <entry key="MALAY" value="3" />
        <entry key="BENGALI" value="1" />
        <entry key="NORWEGIAN" value="1" />
        <entry key="PORTUGUESE" value="5" />
        <entry key="CHICHEWA" value="1" />
        <entry key="JAPANESE" value="6" />
        <entry key="SWEDISH" value="1" />
        <entry key="SESOTHO" value="1" />
        <entry key="SLOVAK" value="1" />
        <entry key="SOMALI" value="1" />
        <entry key="TURKISH" value="1" />
        <entry key="SPANISH" value="3" />
        <entry key="SHONA" value="1" />
        <entry key="ITALIAN" value="1" />
        <entry key="HINDI" value="4" />
        <entry key="INDONESIAN" value="4" />
        <entry key="YORUBA" value="1" />
        <entry key="VIETNAMESE" value="1" />
      </map>
    </option>
  </component>
  <component name="Settings">
    <option name="baiduTranslateSettings">
      <app-key>
        <option name="primaryLanguage" value="CHINESE_CANTONESE" />
      </app-key>
    </option>
    <option name="ignoreRegExp" value="" />
  </component>
</application>