<application>
  <component name="AppStorage">
    <histories>
      <item value="player" />
      <item value="rationality" />
      <item value="合理性" />
      <item value="virtue" />
      <item value="virte" />
      <item value="virtu" />
      <item value="VIRTU" />
      <item value="Operation" />
      <item value="Multiple" />
      <item value="Strategical" />
      <item value="Obey" />
      <item value="Kosmos" />
      <item value="season" />
      <item value="season pass" />
      <item value="Hermaeus Mora" />
      <item value="Between" />
      <item value="minute" />
      <item value="minutes" />
      <item value="suanp" />
      <item value="slot" />
      <item value="mountain" />
      <item value="building" />
      <item value="reason" />
      <item value="complex" />
      <item value="Permission" />
      <item value="obv" />
      <item value="oblivi" />
      <item value="obl" />
      <item value="obs" />
      <item value="state" />
      <item value="obsider" />
      <item value="calc" />
      <item value="scale" />
      <item value="salc" />
      <item value="aslc" />
      <item value="postnew" />
      <item value="post" />
      <item value="vip" />
      <item value="use" />
      <item value="usevipcard" />
      <item value="modify" />
      <item value="div" />
      <item value="Kosmos Obey Strategical Multiple Operation System" />
      <item value="normal" />
      <item value="log" />
      <item value="logid" />
      <item value="blah" />
      <item value="counterattack" />
      <item value="counter" />
      <item value="blade" />
    </histories>
    <option name="languageScores">
      <map>
        <entry key="CHINESE" value="844" />
        <entry key="ENGLISH" value="845" />
        <entry key="CHINESE_TRADITIONAL" value="1" />
        <entry key="ALBANIAN" value="3" />
        <entry key="ARABIC" value="2" />
        <entry key="AZERBAIJANI" value="2" />
        <entry key="ESTONIAN" value="3" />
        <entry key="BASQUE" value="3" />
        <entry key="BULGARIAN" value="2" />
        <entry key="ICELANDIC" value="1" />
        <entry key="POLISH" value="2" />
        <entry key="BOSNIAN" value="3" />
        <entry key="AFRIKAANS" value="3" />
        <entry key="DANISH" value="7" />
        <entry key="GERMAN" value="7" />
        <entry key="RUSSIAN" value="4" />
        <entry key="FRENCH" value="10" />
        <entry key="FILIPINO" value="4" />
        <entry key="FINNISH" value="3" />
        <entry key="FRISIAN" value="2" />
        <entry key="HAUSA" value="1" />
        <entry key="DUTCH" value="10" />
        <entry key="GALICIAN" value="2" />
        <entry key="CATALAN" value="4" />
        <entry key="CROATIAN" value="3" />
        <entry key="KURDISH" value="4" />
        <entry key="LATIN" value="11" />
        <entry key="LATVIAN" value="1" />
        <entry key="LITHUANIAN" value="2" />
        <entry key="ROMANIAN" value="12" />
        <entry key="MALAGASY" value="1" />
        <entry key="MALTESE" value="2" />
        <entry key="MALAY" value="4" />
        <entry key="BENGALI" value="6" />
        <entry key="NORWEGIAN" value="5" />
        <entry key="PORTUGUESE" value="8" />
        <entry key="CHICHEWA" value="1" />
        <entry key="JAPANESE" value="25" />
        <entry key="SWEDISH" value="3" />
        <entry key="SESOTHO" value="1" />
        <entry key="ESPERANTO" value="1" />
        <entry key="SLOVAK" value="1" />
        <entry key="SLOVENIAN" value="7" />
        <entry key="SWAHILI" value="1" />
        <entry key="SOMALI" value="2" />
        <entry key="TELUGU" value="2" />
        <entry key="TURKISH" value="4" />
        <entry key="UZBEK" value="1" />
        <entry key="SPANISH" value="5" />
        <entry key="GREEK" value="2" />
        <entry key="HAWAIIAN" value="5" />
        <entry key="HUNGARIAN" value="1" />
        <entry key="SHONA" value="1" />
        <entry key="ITALIAN" value="15" />
        <entry key="HINDI" value="5" />
        <entry key="SUNDANESE" value="1" />
        <entry key="INDONESIAN" value="9" />
        <entry key="JAVANESE" value="1" />
        <entry key="YORUBA" value="1" />
        <entry key="VIETNAMESE" value="5" />
      </map>
    </option>
  </component>
  <component name="Settings">
    <option name="baiduTranslateSettings">
      <app-key>
        <option name="primaryLanguage" value="CHINESE_CANTONESE" />
      </app-key>
    </option>
    <option name="ignoreRegExp" value="" />
  </component>
</application>